descripcion,categoria,tipo,cualidad,monto,fecha
compra refresco oxxo,alimentacion,gasto,variable,50,7/20/2026
despensa bodega aurrera,alimentacion,egreso,fijo_vital,1365.16,7/21/2026
refresco en tienda,alimentacion,egreso,variable,112.98,7/22/2026
didi hacia el trabajo,transporte,egreso,variable,92.87,7/23/2026
mensualidad gimnasio smartfit,salud,egreso,fijo_no_vital,400,7/24/2026
starbucks,alimentacion,egreso,variable,46.47,7/25/2026
carga de gasolina,transporte,egreso,fijo_vital,787.59,7/26/2026
antojo en la calle,alimentacion,egreso,variable,70.85,7/27/2026
comida en restaurante,alimentacion,egreso,variable,656.75,7/28/2026
viaje en uber,transporte,egreso,variable,67.42,7/29/2026
pizza por uber eats,alimentacion,egreso,variable,152.33,7/30/2026
pago de renta mensual,vivienda,egreso,fijo_vital,5000,7/31/2026
cena con amigos,alimentacion,egreso,variable,598.69,8/1/2026
refresco en tienda,alimentacion,egreso,variable,47.64,8/2/2026
galletas y papas oxxo,alimentacion,egreso,variable,119,8/3/2026
comida a domicilio,alimentacion,egreso,variable,181.29,8/4/2026
suscripción netflix standard,ocio,egreso,fijo_no_vital,219,8/5/2026
pizza por uber eats,alimentacion,egreso,variable,171.78,8/6/2026
tacos de canasta,alimentacion,egreso,variable,38.96,8/7/2026
viaje en uber,transporte,egreso,variable,158.44,8/8/2026
recibo de luz cfe,servicios,egreso,fijo_vital,355.6,8/9/2026
carga de gasolina,transporte,egreso,fijo_vital,489.23,8/10/2026
café matutino,alimentacion,egreso,variable,125.6,8/11/2026
spotify premium,ocio,egreso,fijo_no_vital,129,8/12/2026
antojo en la calle,alimentacion,egreso,variable,139.7,8/13/2026
uber de regreso de fiesta,transporte,egreso,variable,343.71,8/14/2026
recibo de agua,servicios,egreso,fijo_vital,285.91,8/15/2026
antojo en la calle,alimentacion,egreso,variable,22.49,8/16/2026
tacos de canasta,alimentacion,egreso,variable,130.97,8/17/2026
pago de quincena,servicios,ingreso,fijo,8494.26,8/18/2026
internet en casa,servicios,egreso,fijo_vital,450,8/19/2026
galletas y papas oxxo,alimentacion,egreso,variable,141.83,8/20/2026
despensa bodega aurrera,alimentacion,egreso,fijo_vital,1596.08,8/21/2026
refresco en tienda,alimentacion,egreso,variable,126.77,8/22/2026
didi hacia el trabajo,transporte,egreso,variable,168.16,8/23/2026
carga de gasolina,transporte,egreso,fijo_vital,712.75,8/24/2026
comida a domicilio,alimentacion,egreso,variable,213.42,8/25/2026
agua embotellada,alimentacion,egreso,variable,129.49,8/26/2026
salida al antro,ocio,egreso,variable,408.63,8/27/2026
tacos de canasta,alimentacion,egreso,variable,125.66,8/28/2026
taxi de emergencia,transporte,egreso,variable,73.69,8/29/2026
galletas y papas oxxo,alimentacion,egreso,variable,117.06,8/30/2026
pago tarjeta de crédito,deudas,egreso,fijo_vital,1054.83,8/31/2026
café matutino,alimentacion,egreso,variable,142.82,9/1/2026
viaje en uber,transporte,egreso,variable,151.52,9/2/2026
pizza por uber eats,alimentacion,egreso,variable,227.11,9/3/2026
refresco en tienda,alimentacion,egreso,variable,43.8,9/4/2026
gasolinera bp,transporte,egreso,fijo_vital,621.83,9/5/2026
galletas y papas oxxo,alimentacion,egreso,variable,45.04,9/6/2026
antojo en la calle,alimentacion,egreso,variable,34.68,9/7/2026
uber de regreso de fiesta,transporte,egreso,variable,340.55,9/8/2026
consulta médica general,salud,egreso,variable,547.31,9/9/2026
refresco en tienda,alimentacion,egreso,variable,123.8,9/10/2026
rappi hamburguesas,alimentacion,egreso,variable,244.38,9/11/2026
galletas y papas oxxo,alimentacion,egreso,variable,71.68,9/12/2026
pizza por uber eats,alimentacion,egreso,variable,297.97,9/13/2026
pago de quincena,servicios,ingreso,fijo,8251.19,9/14/2026
agua embotellada,alimentacion,egreso,variable,87.92,9/15/2026
venta de artículo usado,servicios,ingreso,variable,884.85,9/16/2026
gasolinera bp,transporte,egreso,fijo_vital,581.34,9/17/2026
supermercado chedraui,alimentacion,egreso,fijo_vital,2144.34,9/18/2026
mensualidad gimnasio smartfit,salud,egreso,fijo_no_vital,400,9/19/2026
starbucks,alimentacion,egreso,variable,64.31,9/20/2026
cinepolis boletos y dulceria,ocio,egreso,variable,445.93,9/21/2026
taxi de emergencia,transporte,egreso,variable,96.79,9/22/2026
galletas y papas oxxo,alimentacion,egreso,variable,114.15,9/23/2026
viaje en uber,transporte,egreso,variable,133.95,9/24/2026
tacos de canasta,alimentacion,egreso,variable,65.12,9/25/2026
pago de renta mensual,vivienda,egreso,fijo_vital,5000,9/26/2026
antojo en la calle,alimentacion,egreso,variable,34.31,9/27/2026
starbucks,alimentacion,egreso,variable,45.84,9/28/2026
agua embotellada,alimentacion,egreso,variable,88.65,9/29/2026
viaje en uber,transporte,egreso,variable,71.31,9/30/2026
suscripción netflix standard,ocio,egreso,fijo_no_vital,219,10/1/2026
gasolina mobil,transporte,egreso,fijo_vital,746.27,10/2/2026
uber de regreso de fiesta,transporte,egreso,variable,717.93,10/3/2026
salida al antro,ocio,egreso,variable,493.06,10/4/2026
recibo de luz cfe,servicios,egreso,fijo_vital,281.95,10/5/2026
cinepolis boletos y dulceria,ocio,egreso,variable,516.96,10/6/2026
taxi de emergencia,transporte,egreso,variable,69.4,10/7/2026
spotify premium,ocio,egreso,fijo_no_vital,129,10/8/2026
recibo de agua,servicios,egreso,fijo_vital,179.11,10/9/2026
antojo en la calle,alimentacion,egreso,variable,105.75,10/10/2026
galletas y papas oxxo,alimentacion,egreso,variable,135.7,10/11/2026
comida a domicilio,alimentacion,egreso,variable,151.75,10/12/2026
café matutino,alimentacion,egreso,variable,53.33,10/13/2026
pago de quincena,servicios,ingreso,fijo,8243.69,10/14/2026
internet en casa,servicios,egreso,fijo_vital,450,10/15/2026
gasolina mobil,transporte,egreso,fijo_vital,693.29,10/16/2026
agua embotellada,alimentacion,egreso,variable,63.63,10/17/2026
supermercado chedraui,alimentacion,egreso,fijo_vital,1214.38,10/18/2026
starbucks,alimentacion,egreso,variable,115.88,10/19/2026
uber de regreso de fiesta,transporte,egreso,variable,353.12,10/20/2026
didi hacia el trabajo,transporte,egreso,variable,102.27,10/21/2026
agua embotellada,alimentacion,egreso,variable,51.25,10/22/2026
suscripción disney+,ocio,egreso,fijo_no_vital,179,10/23/2026
antojo en la calle,alimentacion,egreso,variable,61.53,10/24/2026
didi hacia el trabajo,transporte,egreso,variable,89.35,10/25/2026
pizza por uber eats,alimentacion,egreso,variable,180.44,10/26/2026
antojo en la calle,alimentacion,egreso,variable,75.19,10/27/2026
pago tarjeta de crédito,deudas,egreso,fijo_vital,1940.1,10/28/2026
starbucks,alimentacion,egreso,variable,52.17,10/29/2026
viaje en uber,transporte,egreso,variable,93.53,10/30/2026
comida a domicilio,alimentacion,egreso,variable,277.86,10/31/2026
carga de gasolina,transporte,egreso,fijo_vital,622.71,11/1/2026
starbucks,alimentacion,egreso,variable,46.3,11/2/2026
cena con amigos,alimentacion,egreso,variable,714.7,11/3/2026
didi hacia el trabajo,transporte,egreso,variable,132.19,11/4/2026
cena con amigos,alimentacion,egreso,variable,675.41,11/5/2026
antojo en la calle,alimentacion,egreso,variable,25.44,11/6/2026
mensualidad plataforma de cursos,educacion,egreso,variable,339.05,11/7/2026
refresco en tienda,alimentacion,egreso,variable,83.8,11/8/2026
pizza por uber eats,alimentacion,egreso,variable,300.37,11/9/2026
agua embotellada,alimentacion,egreso,variable,32.03,11/10/2026
paracetamol y antigripal,salud,egreso,variable,627.57,11/11/2026
rappi hamburguesas,alimentacion,egreso,variable,211.48,11/12/2026
gasolinera bp,transporte,egreso,fijo_vital,538.08,11/13/2026
café matutino,alimentacion,egreso,variable,115.42,11/14/2026
pago de quincena,servicios,ingreso,fijo,8162.01,11/15/2026
starbucks,alimentacion,egreso,variable,61.52,11/16/2026
galletas y papas oxxo,alimentacion,egreso,variable,106.11,11/17/2026
didi hacia el trabajo,transporte,egreso,variable,165.72,11/18/2026
compras para la casa en soriana,alimentacion,egreso,fijo_vital,1480.83,11/19/2026
galletas y papas oxxo,alimentacion,egreso,variable,35.34,11/20/2026
mensualidad gimnasio smartfit,salud,egreso,fijo_no_vital,400,11/21/2026
refresco en tienda,alimentacion,egreso,variable,127.34,11/22/2026
farmacia san pablo,salud,egreso,variable,532.5,11/23/2026
taxi de emergencia,transporte,egreso,variable,134.43,11/24/2026
agua embotellada,alimentacion,egreso,variable,88.15,11/25/2026
pago de renta mensual,vivienda,egreso,fijo_vital,5000,11/26/2026
gasolina mobil,transporte,egreso,fijo_vital,717.79,11/27/2026
tacos de canasta,alimentacion,egreso,variable,134.3,11/28/2026
cinepolis boletos y dulceria,ocio,egreso,variable,380.77,11/29/2026
comida a domicilio,alimentacion,egreso,variable,271.66,11/30/2026
starbucks,alimentacion,egreso,variable,81.23,12/1/2026
didi hacia el trabajo,transporte,egreso,variable,105.36,12/2/2026
tacos de canasta,alimentacion,egreso,variable,37.12,12/3/2026
paracetamol y antigripal,salud,egreso,variable,607.59,12/4/2026
viaje en uber,transporte,egreso,variable,167.37,12/5/2026
suscripción netflix standard,ocio,egreso,fijo_no_vital,219,12/6/2026
viaje en uber,transporte,egreso,variable,89.54,12/7/2026
tacos de canasta,alimentacion,egreso,variable,76.89,12/8/2026
recibo de luz cfe,servicios,egreso,fijo_vital,263.56,12/9/2026
starbucks,alimentacion,egreso,variable,42.13,12/10/2026
spotify premium,ocio,egreso,fijo_no_vital,129,12/11/2026
tacos de canasta,alimentacion,egreso,variable,95.85,12/12/2026
recibo de agua,servicios,egreso,fijo_vital,284.49,12/13/2026
gasolinera bp,transporte,egreso,fijo_vital,425.38,12/14/2026
tacos de canasta,alimentacion,egreso,variable,130.26,12/15/2026
salida al antro,ocio,egreso,variable,355.74,12/16/2026
comida en restaurante,alimentacion,egreso,variable,556.22,12/17/2026
didi hacia el trabajo,transporte,egreso,variable,111.06,12/18/2026
comida a domicilio,alimentacion,egreso,variable,239.18,12/19/2026
tacos de canasta,alimentacion,egreso,variable,90.2,12/20/2026
comida en restaurante,alimentacion,egreso,variable,288.62,12/21/2026
pago de quincena,servicios,ingreso,fijo,8100.01,12/22/2026
internet en casa,servicios,egreso,fijo_vital,450,12/23/2026
agua embotellada,alimentacion,egreso,variable,109.47,12/24/2026
compras para la casa en soriana,alimentacion,egreso,fijo_vital,1592.96,12/25/2026
agua embotellada,alimentacion,egreso,variable,37.28,12/26/2026
café matutino,alimentacion,egreso,variable,95.81,12/27/2026
pizza por uber eats,alimentacion,egreso,variable,264.12,12/28/2026
antojo en la calle,alimentacion,egreso,variable,137.37,12/29/2026
taxi de emergencia,transporte,egreso,variable,82.01,12/30/2026
gasolina mobil,transporte,egreso,fijo_vital,706.28,12/31/2026
agua embotellada,alimentacion,egreso,variable,45.27,1/1/2027
cena con amigos,alimentacion,egreso,variable,553.52,1/2/2027
uber de regreso de fiesta,transporte,egreso,variable,597.7,1/3/2027
pizza por uber eats,alimentacion,egreso,variable,151.3,1/4/2027
pago tarjeta de crédito,deudas,egreso,fijo_vital,1227.98,1/5/2027
cervezas en bar,ocio,egreso,variable,342.15,1/6/2027
farmacia san pablo,salud,egreso,variable,556.79,1/7/2027
taxi de emergencia,transporte,egreso,variable,97.28,1/8/2027
rappi hamburguesas,alimentacion,egreso,variable,181.51,1/9/2027
galletas y papas oxxo,alimentacion,egreso,variable,68.24,1/10/2027
agua embotellada,alimentacion,egreso,variable,135.91,1/11/2027
refresco en tienda,alimentacion,egreso,variable,114.03,1/12/2027
viaje en uber,transporte,egreso,variable,163.32,1/13/2027
curso en línea udemy,educacion,egreso,variable,206.57,1/14/2027
gasolina mobil,transporte,egreso,fijo_vital,602.32,1/15/2027
tacos de canasta,alimentacion,egreso,variable,78.62,1/16/2027
cena con amigos,alimentacion,egreso,variable,548.6,1/17/2027
agua embotellada,alimentacion,egreso,variable,29.66,1/18/2027
cena con amigos,alimentacion,egreso,variable,553.71,1/19/2027
didi hacia el trabajo,transporte,egreso,variable,154.59,1/20/2027
café matutino,alimentacion,egreso,variable,111.39,1/21/2027
pago de quincena,servicios,ingreso,fijo,8372.01,1/22/2027
refresco en tienda,alimentacion,egreso,variable,82.45,1/23/2027
rappi hamburguesas,alimentacion,egreso,variable,334.3,1/24/2027
sueldo mensual,ingreso,ingreso,fijo_vital,10000,1/25/2027
renta departamento,vivienda,egreso,fijo_vital,1800,1/26/2027
pago de agua,vivienda,egreso,fijo_vital,250,1/27/2027
pago luz cfe,vivienda,egreso,fijo_vital,150,1/28/2027
gas lp,vivienda,egreso,fijo_vital,200,1/29/2027
internet telmex,servicios,egreso,fijo_vital,500,1/30/2027
plan de datos celular,servicios,egreso,fijo_no_vital,200,1/31/2027
netflix,ocio,egreso,fijo_no_vital,150,2/1/2027
spotify,ocio,egreso,fijo_no_vital,120,2/2/2027
gimnasio,ocio,egreso,fijo_no_vital,400,2/3/2027
tacos de canasta,alimentación,egreso,variable,60,2/4/2027
refresco oxxo,alimentación,egreso,variable,18,2/5/2027
comida en oxxo,alimentación,egreso,variable,45,2/6/2027
pan bimbo,alimentación,egreso,variable,35,2/7/2027
leche lala,alimentación,egreso,variable,28,2/8/2027
huevo san juan,alimentación,egreso,variable,42,2/9/2027
tortillas,alimentación,egreso,variable,20,2/10/2027
frutas y verduras,alimentación,egreso,variable,150,2/11/2027
coca-cola 600ml,alimentación,egreso,variable,14,2/12/2027
sabritas,alimentación,egreso,variable,22,2/13/2027
maruchan,alimentación,egreso,variable,15,2/14/2027
pizza dominos,alimentación,egreso,variable,250,2/15/2027
kfc,alimentación,egreso,variable,180,2/16/2027
mcdonald's,alimentación,egreso,variable,160,2/17/2027
burger king,alimentación,egreso,variable,155,2/18/2027
comida corrida,alimentación,egreso,variable,120,2/19/2027
sushi,alimentación,egreso,variable,280,2/20/2027
pozole,alimentación,egreso,variable,90,2/21/2027
tamales,alimentación,egreso,variable,30,2/22/2027
elotes,alimentación,egreso,variable,25,2/23/2027
esquites,alimentación,egreso,variable,20,2/24/2027
café del oxxo,alimentación,egreso,variable,25,13/04/26
agua de sabor,alimentación,egreso,variable,12,13/04/26
galletas gamesa,alimentación,egreso,variable,18,13/04/26
chicles,alimentación,egreso,variable,6,14/04/26
dulces,alimentación,egreso,variable,10,14/04/26
camiónes,transporte,egreso,variable,32,14/04/26
leche nutri,transporte,egreso,variable,16.5,15/04/26
bono mensual,ingreso,ingreso,fijo_vital,500,15/04/26
metrobús,transporte,egreso,variable,15,15/04/26
taxi,transporte,egreso,variable,80,15/04/26
uber,transporte,egreso,variable,120,16/04/26
didi,transporte,egreso,variable,110,16/04/26
bono trabajo,servicios,ingreso,variable,100,16/04/26
transporte en el dia,transporte,egreso,variable,36,17/04/26
estacionamiento,transporte,egreso,variable,50,17/04/26
gomitas,alimentacion,egreso,variable,80,17/04/26
peaje,transporte,egreso,variable,100,18/04/26
bicicleta pública,transporte,egreso,variable,30,18/04/26
motor-taxi,transporte,egreso,variable,70,18/04/26
farmacia guadalajara,salud,egreso,variable,150,19/04/26
consultorio médico,salud,egreso,variable,500,19/04/26
dentista,salud,egreso,variable,800,19/04/26
medicina simi,salud,egreso,variable,75,20/04/26
paracetamol,salud,egreso,variable,40,20/04/26
antibióticos,salud,egreso,variable,120,20/04/26
vitaminas,salud,egreso,variable,90,21/04/26
examen de sangre,salud,egreso,variable,350,21/04/26
psicólogo,salud,egreso,variable,600,21/04/26
terapia física,salud,egreso,variable,450,22/04/26
reparacion lentes,salud,egreso,variable,200,22/04/26
audífonos auditivos,salud,egreso,variable,150,22/04/26
seguro de salud,salud,egreso,fijo_vital,300,23/04/26
cita médica particular,salud,egreso,variable,550,23/04/26
colegiaturas,educación,egreso,fijo_vital,1500,23/04/26
inscripción semestral,educación,egreso,fijo_vital,360,24/04/2026
libros,educación,egreso,variable,600,24/04/26
útiles escolares,educación,egreso,variable,200,24/04/26
cursos en línea,educación,egreso,fijo_vital,350,25/04/26
plataforma educativa,educación,egreso,fijo_vital,250,25/04/26
examen de admisión,educación,egreso,variable,450,25/04/26
certificación oracle,educación,egreso,variable,700,26/04/26
taller de arte,educación,egreso,variable,300,26/04/26
clase de inglés,educación,egreso,fijo_vital,600,26/04/26
clase de música,educación,egreso,variable,400,27/04/26
diplomado,educación,egreso,variable,1200,27/04/26
cine,ocio,egreso,variable,100,27/04/26
amazon prime,ocio,egreso,fijo_no_vital,130,28/04/26
disney+,ocio,egreso,fijo_no_vital,150,28/04/26
hbo max,ocio,egreso,fijo_no_vital,120,28/04/26
cerveza,ocio,egreso,variable,40,29/04/26
antro,ocio,egreso,variable,300,29/04/26
concierto,ocio,egreso,variable,800,29/04/26
deportes,ocio,egreso,variable,200,30/04/26
entrada a parque,ocio,egreso,variable,150,30/04/26
pasajes,transporte,egreso,variable,86,30/04/26
videojuegos,ocio,egreso,variable,500,30/04/26
salida a cenar,ocio,egreso,variable,350,1/5/2026
bar,ocio,egreso,variable,200,1/5/2026
cafetería,ocio,egreso,variable,80,1/5/2026
teléfono celular,servicios,egreso,fijo_vital,200,2/5/2026
recolección de basura,servicios,egreso,fijo_vital,150,2/5/2026
mantenimiento de elevador,servicios,egreso,fijo_vital,100,2/5/2026
cuota de condominio,servicios,egreso,fijo_vital,500,3/5/2026
seguro de auto,servicios,egreso,fijo_vital,350,3/5/2026
seguro de vida,servicios,egreso,fijo_vital,250,3/5/2026
pago tarjeta de crédito,deudas,egreso,fijo_vital,2000,4/5/2026
abono a préstamo,deudas,egreso,fijo_vital,500,4/5/2026
intereses,deudas,egreso,variable,200,4/5/2026
cobertura de deuda,deudas,egreso,variable,300,5/5/2026
pago a coppel,deudas,egreso,fijo_vital,400,5/5/2026
pago a electra,deudas,egreso,fijo_vital,350,5/5/2026
pago a crédito departamental,deudas,egreso,fijo_vital,250,6/5/2026
tacos de pastor,alimentación,egreso,variable,70,6/5/2026
quesadillas,alimentación,egreso,variable,45,6/5/2026
gorditas,alimentación,egreso,variable,50,7/5/2026
sopes,alimentación,egreso,variable,55,7/5/2026
huaraches,alimentación,egreso,variable,60,7/5/2026
tostadas,alimentación,egreso,variable,40,8/5/2026
pambazos,alimentación,egreso,variable,65,8/5/2026
chilaquiles,alimentación,egreso,variable,80,8/5/2026
enchiladas,alimentación,egreso,variable,90,9/5/2026
mole,alimentación,egreso,variable,100,9/5/2026
medio kilo de barbacoa,alimentación,egreso,variable,120,9/5/2026
carnitas,alimentación,egreso,variable,110,10/5/2026
coctel de camarón,alimentación,egreso,variable,200,10/5/2026
ceviche,alimentación,egreso,variable,150,10/5/2026
pescado frito,alimentación,egreso,variable,130,11/5/2026
torta de tamal,alimentación,egreso,variable,35,11/5/2026
taco de canasta (refresco),alimentación,egreso,variable,15,11/5/2026
agua de horchata,alimentación,egreso,variable,12,12/5/2026
agua de jamaica,alimentación,egreso,variable,12,12/5/2026
jugo de naranja,alimentación,egreso,variable,25,12/5/2026
smoothie,alimentación,egreso,variable,40,13/05/26
yogurth,alimentación,egreso,variable,18,13/05/26
cereal,alimentación,egreso,variable,45,13/05/26
avena,alimentación,egreso,variable,30,14/05/26
miel,alimentación,egreso,variable,50,14/05/26
mermelada,alimentación,egreso,variable,35,14/05/26
aceite,alimentación,egreso,variable,60,15/05/26
vinagre,alimentación,egreso,variable,20,15/05/26
sal,alimentación,egreso,variable,10,15/05/26
azúcar,alimentación,egreso,variable,22,16/05/26
café soluble,alimentación,egreso,variable,40,16/05/26
té,alimentación,egreso,variable,25,16/05/26
galletas de animalito,alimentación,egreso,variable,15,17/05/26
paletas,alimentación,egreso,variable,8,17/05/26
helado,alimentación,egreso,variable,35,17/05/26
palomitas,alimentación,egreso,variable,20,18/05/26
papas fritas,alimentación,egreso,variable,22,18/05/26
botanas,alimentación,egreso,variable,18,18/05/26
cacahuates,alimentación,egreso,variable,15,19/05/26
nueces,alimentación,egreso,variable,30,19/05/26
semillas,alimentación,egreso,variable,25,19/05/26
ajonjolí,alimentación,egreso,variable,20,20/05/26
chocolate,alimentación,egreso,variable,25,20/05/26
cajeta,alimentación,egreso,variable,18,20/05/26
dulce de leche,alimentación,egreso,variable,22,21/05/26
mazapán,alimentación,egreso,variable,10,21/05/26
despensa,alimentación,egreso,fijo_vital,236,21/05/26
pulque,alimentación,egreso,variable,30,22/05/26
tequila,alimentación,egreso,variable,200,22/05/26
mezcal,alimentación,egreso,variable,250,22/05/26
ron,alimentación,egreso,variable,180,23/05/26
vodka,alimentación,egreso,variable,170,23/05/26
whisky,alimentación,egreso,variable,300,23/05/26
cerveza artesanal,alimentación,egreso,variable,60,24/05/26
vino tinto,alimentación,egreso,variable,150,24/05/26
vino blanco,alimentación,egreso,variable,140,24/05/26
champán,alimentación,egreso,variable,250,25/05/26
refresco de cola,alimentación,egreso,variable,15,25/05/26
refresco de naranja,alimentación,egreso,variable,15,25/05/26
agua mineral,alimentación,egreso,variable,20,26/05/26
agua de coco,alimentación,egreso,variable,18,26/05/26
jugo de manzana,alimentación,egreso,variable,22,26/05/26
jugo de uva,alimentación,egreso,variable,24,27/05/26
limonada,alimentación,egreso,variable,12,27/05/26
naranjada,alimentación,egreso,variable,15,27/05/26
ponche,alimentación,egreso,variable,30,28/05/26
atole,alimentación,egreso,variable,20,28/05/26
champurrado,alimentación,egreso,variable,25,28/05/26
atole,alimentación,egreso,variable,22,29/05/26
tamal de elote,alimentación,egreso,variable,18,29/05/26
tamal de rajas,alimentación,egreso,variable,20,29/05/26
tamal de mole,alimentación,egreso,variable,22,30/05/26
tamal de frijol,alimentación,egreso,variable,15,30/05/26
tamal de dulce,alimentación,egreso,variable,18,30/05/26
papitas del oxxo,alimentación,egreso,variable,18,31/05/26
uchepo,alimentación,egreso,variable,25,31/05/26
pozole de pollo,alimentación,egreso,variable,80,31/05/26
pozole de cerdo,alimentación,egreso,variable,90,1/6/2026
menudo,alimentación,egreso,variable,100,1/6/2026
birria,alimentación,egreso,variable,120,1/6/2026
cochinita pibil,alimentación,egreso,variable,150,2/6/2026
relleno negro,alimentación,egreso,variable,130,2/6/2026
escabeche,alimentación,egreso,variable,40,2/6/2026
crema corporal,servicios,egreso,variable,80,3/6/2026
sopa de lima,alimentación,egreso,variable,60,3/6/2026
panes,alimentación,egreso,variable,35,3/6/2026
2 pares de calcetines,servicios,egreso,variable,40,4/6/2026
tazon de papadzules,alimentación,egreso,variable,55,4/6/2026
botella de agua,alimentación,egreso,variable,8,4/6/2026
tzic de venado,alimentación,egreso,variable,80,5/6/2026
manzanas,alimentación,egreso,variable,18,5/6/2026
calabaza,alimentación,egreso,variable,30,5/6/2026
nopal,alimentación,egreso,variable,15,6/6/2026
huitlacoche,alimentación,egreso,variable,50,6/6/2026
flor de calabaza,alimentación,egreso,variable,40,6/6/2026
quintoniles,alimentación,egreso,variable,35,7/6/2026
verdolagas,alimentación,egreso,variable,20,7/6/2026
espinaca,alimentación,egreso,variable,25,7/6/2026
lechuga,alimentación,egreso,variable,18,8/6/2026
jitomate,alimentación,egreso,variable,22,8/6/2026
cebolla,alimentación,egreso,variable,15,8/6/2026
ajo,alimentación,egreso,variable,10,9/6/2026
chile,alimentación,egreso,variable,12,9/6/2026
pimiento,alimentación,egreso,variable,18,9/6/2026
zanahoria,alimentación,egreso,variable,14,10/6/2026
papa,alimentación,egreso,variable,20,10/6/2026
camote,alimentación,egreso,variable,18,10/6/2026
yuca,alimentación,egreso,variable,22,11/6/2026
malanga,alimentación,egreso,variable,25,11/6/2026
ñame,alimentación,egreso,variable,30,11/6/2026
taro,alimentación,egreso,variable,28,12/6/2026
frijol,alimentación,egreso,variable,20,12/6/2026
lenteja,alimentación,egreso,variable,25,12/6/2026
garbanzo,alimentación,egreso,variable,30,13/06/26
haba,alimentación,egreso,variable,28,13/06/26
alubia,alimentación,egreso,variable,22,13/06/26
soya,alimentación,egreso,variable,35,14/06/26
tofu,alimentación,egreso,variable,40,14/06/26
seitán,alimentación,egreso,variable,45,14/06/26
queso fresco,alimentación,egreso,variable,50,15/06/26
queso manchego,alimentación,egreso,variable,60,15/06/26
queso oaxaca,alimentación,egreso,variable,55,15/06/26
queso panela,alimentación,egreso,variable,45,16/06/26
crema,alimentación,egreso,variable,25,16/06/26
mantequilla,alimentación,egreso,variable,30,16/06/26
huevo,alimentación,egreso,variable,35,17/06/26
pollo,alimentación,egreso,variable,80,17/06/26
carne de res,alimentación,egreso,variable,120,17/06/26
cerdo,alimentación,egreso,variable,100,18/06/26
cordero,alimentación,egreso,variable,150,18/06/26
pescado,alimentación,egreso,variable,90,18/06/26
camarón,alimentación,egreso,variable,200,19/06/26
pulpo,alimentación,egreso,variable,180,19/06/26
calamar,alimentación,egreso,variable,140,19/06/26
mejillón,alimentación,egreso,variable,120,20/06/26
ostras,alimentación,egreso,variable,160,20/06/26
almeja,alimentación,egreso,variable,110,20/06/26
langosta,alimentación,egreso,variable,300,21/06/26
cangrejo,alimentación,egreso,variable,250,21/06/26
jaiba,alimentación,egreso,variable,220,21/06/26
cosas para comer,alimentacion,egreso,variable,89,22 /06/26
pegamento,servicios,egreso,variable,23,22/06/26
madera,servicios,egreso,variable,680,22/06/26
tortillas,alimentacion,egreso,fijo_vital,18,22/06/26
desodorante,salud,egreso,variable,45,22/06/26
bono trabajo,servicios,ingreso,variable,50,22/06/26
compra material gran bodega,servicios,egreso,variable,40,22/06/26
compra de herramienta,servicios,egreso,variable,350,23/06/26
pagar la recoleccion de basura,servicios,egreso,fijo_vital,10,23/06/26
insumos en amazon,servicios,egreso,variable,300,23/06/26
nomina,ingreso,ingreso,fijo_vital,10000,23/06/26
youtube premium,ocio,egreso,fijo_no_vital,120,23/06/26
compra gaseosa y galletas en tambo,alimentación,gasto,no importante,7.5,7/20/2026
recibo de agua sedapal,servicios,gasto,vital,85,7/15/2026
pago de sueldo quincena bcp,servicios,ingreso,importante,1800,7/1/2026
pasaje metropolitano a miraflores,transporte,gasto,importante,3.5,6/28/2026
almuerzo menu ejecutivo san isidro,alimentación,gasto,importante,16,7/19/2026
pasaje combi por javier prado,transporte,gasto,opcional,2.5,7/19/2026
yape a bodega don pepe verduras,alimentación,gasto,vital,34.5,7/18/2026
recibo de luz luz del sur,servicios,gasto,vital,142,7/17/2026
pension universidad san marcos,educación,gasto,vital,110,7/16/2026
pago cuota tarjeta bcp,deudas,gasto,importante,450,7/15/2026
compras quincena plaza vea,alimentación,gasto,vital,285.6,7/15/2026
consulta medica clinica ricardo palma,salud,gasto,vital,120,7/14/2026
medicina farmacia inkafarma,salud,gasto,vital,68.4,7/14/2026
pollo a la brasa pardos chicken,alimentación,gasto,opcional,89,7/13/2026
recarga bitel ilimitado,servicios,gasto,importante,30,7/12/2026
pago alquiler departamento lince,vivienda,gasto,vital,1400,7/10/2026
salida a cineplanet san miguel,ocio,gasto,no importante,42,7/9/2026
cancha de futbol sintético con amigos,ocio,gasto,no importante,25,7/8/2026
pago mantenimiento del edificio,vivienda,gasto,importante,180,7/7/2026
cobro trabajo freelance diseno web,servicios,ingreso,importante,850,7/5/2026
pasaje corredor rojo,transporte,gasto,importante,2.3,7/4/2026
compras de fruta en mercado de surquillo,alimentación,gasto,vital,45,7/3/2026
suscripcion netflix familiar,ocio,gasto,no importante,44.9,7/2/2026
pago de sueldo fin de mes bcp,servicios,ingreso,importante,1800,6/30/2026
pago internet claro fibra optica,servicios,gasto,importante,95,6/29/2026
corte de cabello en barberia,ocio,gasto,opcional,35,6/27/2026
desayuno chicharron en lurin,alimentación,gasto,opcional,65,6/26/2026
pasaje taxi colectivo a la victoria,transporte,gasto,opcional,6,6/25/2026
compra en mifarma analgesicos,salud,gasto,vital,22.5,6/24/2026
cuota prestamo personal interbank,deudas,gasto,vital,380,6/23/2026
gas propano balon solgas,vivienda,gasto,vital,55,6/22/2026
curso ingles britanico mensualidad,educación,gasto,importante,290,6/21/2026
pago arbitrios municipales,vivienda,gasto,importante,65,6/20/2026
cebiche en huarique de chorrillos,alimentación,gasto,opcional,48,6/19/2026
yape a chofer de mototaxi,transporte,gasto,opcional,4,6/19/2026
ingreso por venta de ropa usada,ocio,ingreso,opcional,120,6/18/2026
pension colegio de los ninos,educación,gasto,vital,550,6/17/2026
reparacion fuga de agua gasfitero,vivienda,gasto,importante,90,6/16/2026
almuerzo chifa central lince,alimentación,gasto,opcional,38,6/15/2026
pago de sueldo quincena bcp,servicios,ingreso,importante,1800,6/15/2026
compra de utiles escolares en tai loy,educación,gasto,importante,78.5,6/14/2026
entrada a concierto en estadio nacional,ocio,gasto,no importante,180,6/12/2026
viaje de fin de semana a lunahuana,ocio,gasto,opcional,320,6/11/2026
pasaje pasamayito combi,transporte,gasto,opcional,3.5,6/10/2026
pago gas natural calidda,servicios,gasto,vital,38,6/9/2026
analisis de laboratorio roe,salud,gasto,vital,150,6/8/2026
compra en supermercado tottus,alimentación,gasto,vital,210.4,6/7/2026
recarga tarjeta lima pass,transporte,gasto,importante,20,6/6/2026
venta de postres caseros,alimentación,ingreso,opcional,230,6/5/2026
pago seguro de salud eps,salud,gasto,vital,210,6/4/2026
compra de zapatillas en ripley,ocio,gasto,no importante,229,6/3/2026
salida a bar en barranco,ocio,gasto,no importante,95,6/2/2026
pago de sueldo fin de mes bcp,servicios,ingreso,importante,1800,5/31/2026
alquiler de cancha de padel,ocio,gasto,no importante,60,5/30/2026
recibo de agua sedapal,servicios,gasto,vital,82,5/28/2026
compra en mercado de productores santa anita,alimentación,gasto,vital,185,5/27/2026
pasaje combi abancay,transporte,gasto,opcional,2,5/26/2026
pago plan postpago entel,servicios,gasto,importante,59.9,5/25/2026
tarjeta ripley pago minimo,deudas,gasto,importante,210,5/24/2026
reparacion de llanta pinchada taller,transporte,gasto,importante,15,5/23/2026
compra libro en libreria crisol,educación,gasto,opcional,59,5/22/2026
plato mostrito en polleria de barrio,alimentación,gasto,no importante,14,5/21/2026
atencion odontologica limpieza,salud,gasto,importante,100,5/20/2026
pago de mantenimiento auto taller,transporte,gasto,importante,350,5/19/2026
servicio de lavanderia por kilo,vivienda,gasto,opcional,28,5/18/2026
pago matricula senati,educación,gasto,vital,320,5/17/2026
pago alquiler departamento lince,vivienda,gasto,vital,1400,5/15/2026
pago de sueldo quincena bcp,servicios,ingreso,importante,1800,5/15/2026
yape a empanadas y cafe en la calle,alimentación,gasto,no importante,9.5,5/14/2026
gasolinera primax tanqueo parcial,transporte,gasto,importante,80,5/13/2026
suscripcion spotify premium,ocio,gasto,no importante,20.9,5/12/2026
compra ropa de abrigo en gamarra,ocio,gasto,opcional,145,5/11/2026
manta de alpaca regalo,ocio,gasto,no importante,85,5/10/2026
pago impuesto predial sat,vivienda,gasto,importante,112,5/9/2026
veterinaria vacuna perro,salud,gasto,importante,65,5/8/2026
pago cuota prestamo falabella,deudas,gasto,vital,290,5/7/2026
compras semanales metro,alimentación,gasto,vital,195,5/6/2026
pasaje linea 1 metro de lima,transporte,gasto,importante,1.5,5/5/2026
clases de natacion academia,educación,gasto,opcional,160,5/4/2026
pago seguro vehicular rímac,transporte,gasto,importante,180,5/3/2026
pago de sueldo fin de mes bcp,servicios,ingreso,importante,1800,4/30/2026
almuerzo makis libre miraflores,alimentación,gasto,no importante,65,4/29/2026
recibo luz enel,servicios,gasto,vital,135,4/28/2026
cambio de aceite carro,transporte,gasto,importante,110,4/27/2026
yape helado d'onofrio en parque,alimentación,gasto,no importante,6,4/26/2026
pago de internet movistar,servicios,gasto,importante,89,4/25/2026
pago tarjeta bbva cuota,deudas,gasto,vital,520,4/24/2026
compra zapatillas running marathon,ocio,gasto,opcional,310,4/23/2026
pension universidad san marcos,educación,gasto,vital,110,4/22/2026
examen de vista optica,salud,gasto,importante,50,4/21/2026
lentes de medida nuevos,salud,gasto,vital,280,4/20/2026
salida a bowling plaza norte,ocio,gasto,no importante,35,4/19/2026
compras de verduras en mercado local,alimentación,gasto,vital,42,4/18/2026
platinazo de anticuchos en la esquina,alimentación,gasto,no importante,18,4/17/2026
ingreso por asesoria profesional externa,servicios,ingreso,importante,600,4/16/2026
pago alquiler departamento lince,vivienda,gasto,vital,1400,4/15/2026
pago de sueldo quincena bcp,servicios,ingreso,importante,1800,4/15/2026
gastos de cerrajero cambio de chapa,vivienda,gasto,importante,75,4/14/2026
pasaje aplicativo cabify,transporte,gasto,opcional,22,4/13/2026
recarga tarjeta metropolitano,transporte,gasto,importante,30,4/12/2026
pago servicio streaming disney plus,ocio,gasto,no importante,27.9,4/11/2026
saldo a favor cashback tarjeta,servicios,ingreso,opcional,35,4/10/2026
reparacion de laptop en wilson,educación,gasto,importante,140,4/9/2026
compra de carne en carniceria,alimentación,gasto,vital,68,4/8/2026
pago cuota credito hipotecario,deudas,gasto,vital,1650,4/7/2026
matrícula taller de pintura,educación,gasto,no importante,120,4/6/2026
medicina jarabe para la tos inkafarma,salud,gasto,vital,28,4/5/2026
pago gas natural calidda,servicios,gasto,vital,35,4/4/2026
taxi colectivo hacia centro de lima,transporte,gasto,opcional,7,4/3/2026
pago de sueldo fin de mes bcp,servicios,ingreso,importante,1800,3/31/2026
almuerzo caldo de gallina la victoria,alimentación,gasto,opcional,18,3/30/2026
pension colegio de los ninos,educación,gasto,vital,550,3/29/2026
compra en makro por mayor,alimentación,gasto,vital,340,3/28/2026
tarjeta diners pago mensual,deudas,gasto,importante,310,3/27/2026
recibo de agua sedapal,servicios,gasto,vital,79,3/26/2026
compra de focos led promart,vivienda,gasto,importante,45,3/25/2026
yape a emolientero de la mañana,alimentación,gasto,no importante,3.5,3/24/2026
polera de marca promart,ocio,gasto,no importante,89,3/23/2026
consulta dermatologica clinica,salud,gasto,importante,130,3/22/2026
bloqueador solar en boticas peru,salud,gasto,importante,52,3/21/2026
salida a parque de las leyendas,ocio,gasto,opcional,48,3/20/2026
pasaje combi angamos,transporte,gasto,opcional,2.5,3/19/2026
pago de luz enel,servicios,gasto,vital,128,3/18/2026
pago mantenimiento departamento,vivienda,gasto,importante,180,3/17/2026
venta de bicicleta usada olx,ocio,ingreso,opcional,350,3/16/2026
pago alquiler departamento lince,vivienda,gasto,vital,1400,3/15/2026
pago de sueldo quincena bcp,servicios,ingreso,importante,1800,3/15/2026
desayuno tamales domingo,alimentación,gasto,opcional,16,3/14/2026
peaje vía de evitamiento,transporte,gasto,importante,6.6,3/13/2026
gasolina repsol 95 octanos,transporte,gasto,importante,120,3/12/2026
compras wong fin de semana,alimentación,gasto,vital,260,3/11/2026
pago suscripcion hbo max,ocio,gasto,no importante,29.9,3/10/2026
cuota prestamo banco de comercio,deudas,gasto,vital,220,3/9/2026
reparacion de pintura de pared,vivienda,gasto,opcional,150,3/8/2026
atencion urgencias clinica,salud,gasto,vital,200,3/7/2026
compra de cuaderno y lapiceros,educación,gasto,importante,15,3/6/2026
pago de celular postpago movistar,servicios,gasto,importante,65,3/5/2026
pago de sueldo fin de mes bcp,servicios,ingreso,importante,1800,2/28/2026
salida a polleria norky's,alimentación,gasto,opcional,72,2/27/2026
pasaje linea 1 metro,transporte,gasto,importante,1.5,2/26/2026
tarjeta oh pago cuota,deudas,gasto,importante,180,2/25/2026
compra en mass productos basicos,alimentación,gasto,vital,88.5,2/24/2026
yape por picarones en parque,alimentación,gasto,no importante,10,2/23/2026
pago mensualidad gimnasio smartfit,salud,gasto,opcional,109,2/22/2026
pension universidad san marcos,educación,gasto,vital,110,2/21/2026
recibo agua sedapal,servicios,gasto,vital,81,2/20/2026
pago gas calidda,servicios,gasto,vital,32,2/19/2026
viaje en uber nocturno,transporte,gasto,opcional,28,2/18/2026
almuerzo menestron y segundo en mercado,alimentación,gasto,importante,12,2/17/2026
devolucion de dinero prestado por amigo,servicios,ingreso,opcional,100,2/16/2026
pago alquiler departamento lince,vivienda,gasto,vital,1400,2/15/2026
pago de sueldo quincena bcp,servicios,ingreso,importante,1800,2/15/2026
compra de sabanas en falabella,vivienda,gasto,opcional,110,2/14/2026
cena romantica dia del amor san isidro,ocio,gasto,no importante,220,2/14/2026
pago plan internet bitel casa,servicios,gasto,importante,79,2/13/2026
vitamina c e inmunofem farmacias universal,salud,gasto,importante,45,2/12/2026
pasaje combi grau,transporte,gasto,opcional,2,2/11/2026
pago mantenimiento carro frenos,transporte,gasto,vital,280,2/10/2026
salida a piscina en cieneguilla,ocio,gasto,no importante,130,2/9/2026
compra en vivanda,alimentación,gasto,opcional,175,2/8/2026
pago tarjeta cencosud,deudas,gasto,importante,140,2/7/2026
inscripcion a maraton de lima,ocio,gasto,no importante,80,2/6/2026
curso udemy desarrollo web,educación,gasto,opcional,49.9,2/5/2026
pago de sueldo fin de mes bcp,servicios,ingreso,importante,1800,1/31/2026
pago seguro vida ley,salud,gasto,vital,85,1/30/2026
compras en bodega cerca a casa,alimentación,gasto,vital,28,1/29/2026
salida a discoteca miraflores,ocio,gasto,no importante,150,1/28/2026
recibo luz del sur,servicios,gasto,vital,140,1/27/2026
pasaje combi aviación,transporte,gasto,opcional,2.5,1/26/2026
compra de pescado en minka callao,alimentación,gasto,vital,75,1/25/2026
yape por raspadilla en la playa,alimentación,gasto,no importante,5,1/24/2026
peaje ticket viaje sur,transporte,gasto,importante,6.6,1/23/2026
alquiler casa de playa fin de semana,ocio,gasto,no importante,450,1/22/2026
gasolina primax,transporte,gasto,importante,110,1/21/2026
pago tarjeta bcp saldo total,deudas,gasto,vital,680,1/20/2026
medicina antigripal mifarma,salud,gasto,vital,18,1/19/2026
compras quincena plaza vea,alimentación,gasto,vital,290,1/18/2026
pago matricula colegio ninos,educación,gasto,vital,600,1/17/2026
trabajo independiente traduccion texto,servicios,ingreso,importante,300,1/16/2026
pago alquiler departamento lince,vivienda,gasto,vital,1400,1/15/2026
pago de sueldo quincena bcp,servicios,ingreso,importante,1800,1/15/2026
compra ventilador sodimac,vivienda,gasto,importante,129,1/14/2026
almuerzo ceviche y jora,alimentación,gasto,opcional,55,1/13/2026
pago servicio agua sedapal,servicios,gasto,vital,83,1/12/2026
soat digital auto interseguro,transporte,gasto,vital,95,1/11/2026
recarga tarjeta lima pass,transporte,gasto,importante,25,1/10/2026
compra de mochila para el colegio,educación,gasto,importante,89,1/9/2026
pago plan movistar hogar,servicios,gasto,importante,99,1/8/2026
cuota credito consumo bbva,deudas,gasto,vital,410,1/7/2026
pago gratificacion navidad acumulado,servicios,ingreso,importante,1800,1/5/2026
salida a juego de escape room,ocio,gasto,no importante,50,1/4/2026
pago de sueldo fin de mes bcp,servicios,ingreso,importante,1800,12/31/2025
cena fin de ano pavo y ensalada,alimentación,gasto,opcional,180,12/30/2025
uvas y cotillon para senambles,ocio,gasto,no importante,35,12/29/2025
compras de regalos de navidad ripley,ocio,gasto,no importante,420,12/24/2025
paneton d'onofrio en caja,alimentación,gasto,opcional,32,12/23/2025
pago luz enel,servicios,gasto,vital,130,12/22/2025
pago agua sedapal,servicios,gasto,vital,80,12/21/2025
pago tarjeta bcp,deudas,gasto,vital,550,12/20/2025
pago alquiler departamento lince,vivienda,gasto,vital,1400,12/15/2025
pago de sueldo quincena bcp,servicios,ingreso,importante,1800,12/15/2025
ingreso gratificacion diciembre,servicios,ingreso,importante,1800,12/15/2025
pago mantenimiento edificio,vivienda,gasto,importante,180,12/14/2025
pasaje metropolitano,transporte,gasto,importante,3.5,12/13/2025
compras metro utiles hogar,alimentación,gasto,vital,210,12/12/2025
almuerzo pollo a la brasa villa chicken,alimentación,gasto,opcional,79,12/11/2025
pago plan entel,servicios,gasto,importante,59.9,12/10/2025
compra zapatillas converse oferta,ocio,gasto,no importante,169,12/9/2025
consulta ginecologica / urologica,salud,gasto,vital,140,12/8/2025
medicina inkafarma recetada,salud,gasto,vital,72,12/7/2025
pension colegio de los ninos,educación,gasto,vital,550,12/6/2025
pasaje taxi indrive a miraflores,transporte,gasto,opcional,18,12/5/2025
venta de televisor viejo,ocio,ingreso,opcional,400,12/4/2025
pago gas calidda,servicios,gasto,vital,34,12/3/2025
pago de sueldo fin de mes bcp,servicios,ingreso,importante,1800,11/30/2025
recibo luz enel,servicios,gasto,vital,125,11/28/2025
recibo agua sedapal,servicios,gasto,vital,78,11/27/2025
pasaje combi universitaria,transporte,gasto,opcional,2,11/26/2025
pago cuota prestamo interbank,deudas,gasto,vital,380,11/25/2025
almuerzo buffet criollo,alimentación,gasto,opcional,62,11/24/2025
yape pago cancha sintética,ocio,gasto,no importante,20,11/23/2025
compras tottus fin de semana,alimentación,gasto,vital,230,11/22/2025
pension universidad san marcos,educación,gasto,vital,110,11/21/2025
pago internet claro,servicios,gasto,importante,95,11/20/2025
analisis de sangre laboratorio,salud,gasto,importante,90,11/19/2025
compra foco y herramientas maestro,vivienda,gasto,importante,65,11/18/2025
desayuno pan con chicharron esquina,alimentación,gasto,no importante,12,11/17/2025
pago alquiler departamento lince,vivienda,gasto,vital,1400,11/15/2025
pago de sueldo quincena bcp,servicios,ingreso,importante,1800,11/15/2025
ingreso cts deposito bancario,servicios,ingreso,importante,900,11/15/2025
reparacion de freno de mano carro,transporte,gasto,vital,130,11/14/2025
gasolina primax 90,transporte,gasto,importante,90,11/13/2025
pago seguro medico rimac,salud,gasto,vital,210,11/12/2025
salida a teatro en barranco,ocio,gasto,no importante,60,11/11/2025
yape a emoliente y pan con queso,alimentación,gasto,no importante,4.5,11/10/2025
compras en tambo snacks,alimentación,gasto,no importante,11.2,11/9/2025
pago tarjeta falabella cuota,deudas,gasto,importante,250,11/8/2025
recarga bitel internet,servicios,gasto,importante,20,11/7/2025
compra libro tecnico programacion,educación,gasto,importante,85,11/6/2025
pago gas calidda,servicios,gasto,vital,31,11/5/2025
pago de sueldo fin de mes bcp,servicios,ingreso,importante,1800,10/31/2025
turron de dona pepa san josé,alimentación,gasto,no importante,25,10/30/2025
almuerzo anticuchos señor de los milagros,alimentación,gasto,opcional,32,10/29/2025
pasaje metropolitano alimentador,transporte,gasto,importante,1.5,10/28/2025
recibo luz del sur,servicios,gasto,vital,138,10/27/2025
recibo sedapal agua,servicios,gasto,vital,84,10/26/2025
compra de verduras y carnes mercado,alimentación,gasto,vital,160,10/25/2025
cuota prestamo consumo bbva,deudas,gasto,vital,410,10/24/2025
atencion medica pediatraria nino,salud,gasto,vital,110,10/23/2025
jarabe y vitaminas boticas peru,salud,gasto,vital,54,10/22/2025
pension colegio de los ninos,educación,gasto,vital,550,10/21/2025
pago mantenimiento edificio,vivienda,gasto,importante,180,10/20/2025
pago internet fibra optica,servicios,gasto,importante,89,10/19/2025
suscripcion spotify,ocio,gasto,no importante,20.9,10/18/2025
almuerzo chifa menu familiar,alimentación,gasto,opcional,58,10/17/2025
pago alquiler departamento lince,vivienda,gasto,vital,1400,10/15/2025
pago de sueldo quincena bcp,servicios,ingreso,importante,1800,10/15/2025
ingreso por dictado de taller online,educación,ingreso,importante,450,10/14/2025
pasaje taxi yango,transporte,gasto,opcional,14,10/13/2025
gasolina shell 95,transporte,gasto,importante,100,10/12/2025
compra en plaza vea abarrotes,alimentación,gasto,vital,240,10/11/2025
atencion veterinaria gato,salud,gasto,importante,70,10/10/2025
pago tarjeta ripley cuota,deudas,gasto,importante,190,10/9/2025
compra de pintura para retoque cuarto,vivienda,gasto,opcional,68,10/8/2025
recarga tarjeta lima pass,transporte,gasto,importante,20,10/7/2025
pago gas calidda,servicios,gasto,vital,33,10/6/2025
salida a cine uvk,ocio,gasto,no importante,38,10/5/2025
pago de sueldo fin de mes bcp,servicios,ingreso,importante,1800,9/30/2025
pago cuota credito hipotecario,deudas,gasto,vital,1650,9/29/2025
recibo agua sedapal,servicios,gasto,vital,82,9/28/2025
recibo luz enel,servicios,gasto,vital,131,9/27/2025
pasaje linea 1 metro,transporte,gasto,importante,1.5,9/26/2025
compras semanales wong,alimentación,gasto,vital,210,9/25/2025
almuerzo menu ejecutivo lince,alimentación,gasto,importante,15,9/24/2025
yape a vendedor de marcoyas y frutas,alimentación,gasto,no importante,6,9/23/2025
pension universidad san marcos,educación,gasto,vital,110,9/22/2025
examen medico anual preventivo,salud,gasto,importante,180,9/21/2025
medicina inkafarma,salud,gasto,vital,42,9/20/2025
pago celular entel,servicios,gasto,importante,59.9,9/19/2025
compra de escritorio para estudio,vivienda,gasto,importante,220,9/18/2025
pago mantenimiento departamento,vivienda,gasto,importante,180,9/17/2025
salida a concierto local de cumbia,ocio,gasto,no importante,50,9/16/2025
pago alquiler departamento lince,vivienda,gasto,vital,1400,9/15/2025
pago de sueldo quincena bcp,servicios,ingreso,importante,1800,9/15/2025
ingreso por venta de muebles usados,vivienda,ingreso,opcional,280,9/14/2025
pasaje combi arequipa,transporte,gasto,opcional,2.5,9/13/2025
gasolina repsol 90,transporte,gasto,importante,85,9/12/2025
compra en makro abarrotes,alimentación,gasto,vital,310,9/11/2025
pago tarjeta bbva cuota,deudas,gasto,vital,490,9/10/2025
suscripcion netflix,ocio,gasto,no importante,44.9,9/9/2025
clases de ingles britanico mensual,educación,gasto,importante,290,9/8/2025
pago gas calidda,servicios,gasto,vital,36,9/7/2025
almuerzo salchipapa especial tambo,alimentación,gasto,no importante,11.5,9/6/2025
compra de polo en saga falabella,ocio,gasto,no importante,49,9/5/2025
pago de sueldo fin de mes bcp,servicios,ingreso,importante,1800,8/31/2025
pension colegio de los ninos,educación,gasto,vital,550,8/30/2025
recibo agua sedapal,servicios,gasto,vital,79,8/29/2025
recibo luz luz del sur,servicios,gasto,vital,136,8/28/2025
pasaje metropolitano,transporte,gasto,importante,3.5,8/27/2025
compras en mercado central lima,alimentación,gasto,vital,145,8/26/2025
almuerzo ceviche en mercado,alimentación,gasto,opcional,25,8/25/2025
pago cuota prestamo interbank,deudas,gasto,vital,380,8/24/2025
curacion dental odontologo,salud,gasto,vital,120,8/23/2025
pago plan movistar internet,servicios,gasto,importante,89,8/22/2025
compra de juego de platos promart,vivienda,gasto,opcional,75,8/21/2025
yape a canchita popcorn cine,ocio,gasto,no importante,15,8/20/2025
pago alquiler departamento lince,vivienda,gasto,vital,1400,8/15/2025
pago de sueldo quincena bcp,servicios,ingreso,importante,1800,8/15/2025
pasaje taxi aplicativo cabify,transporte,gasto,opcional,20,8/14/2025
gasolina primax,transporte,gasto,importante,100,8/13/2025
compras semanales metro,alimentación,gasto,vital,225,8/12/2025
pago cuota tarjeta oh,deudas,gasto,importante,160,8/11/2025
pago seguro eps pacifico,salud,gasto,vital,210,8/10/2025
taller de capacitacion profesional,educación,gasto,importante,150,8/9/2025
pago gas calidda,servicios,gasto,vital,30,8/8/2025
almuerzo menu ejecutivo san borja,alimentación,gasto,importante,17,8/7/2025
compra en oxxo bebidas y snacks,alimentación,gasto,no importante,14.5,8/6/2025